Top queries,Clicks,Impressions,CTR,Position
aderma,11068,28696,38.57%,1.49
a derma,6580,20063,32.8%,1.75
dermalibour,5266,27608,19.07%,1.41
dermalibour creme,3297,11563,28.51%,1.06
aderma exomega,2189,12128,18.05%,2.63
cytelium,2053,14307,14.35%,1.56
a-derma,1659,6280,26.42%,2.19
a derma dermalibour,1234,5444,22.67%,1.96
epitheliale ah,1151,5047,22.81%,1.6
a derma exomega,1123,7971,14.09%,4.07
cytelium spray,1086,8402,12.93%,1.56
exomega,939,6374,14.73%,1.64
exomega control,827,5017,16.48%,1.87
aderma exomega control,723,3539,20.43%,2.12
epitheliale ah ultra,723,3174,22.78%,2.22
cytelium varicelle,719,2704,26.59%,1.91
epitheliale,666,10755,6.19%,2.5
aderma epitheliale ah,617,2545,24.24%,1.4
exomega aderma,606,2976,20.36%,1.46
plaque rouge qui gratte,591,8609,6.86%,1.08
dermalibour creme reparatrice,588,2350,25.02%,1.47
a derma epitheliale,524,2835,18.48%,3.5
creme dermalibour,516,2283,22.6%,1.03
cutalgan,465,2247,20.69%,1.7
a derma cytelium,445,2879,15.46%,2.67
phys ac hydra,443,1574,28.14%,1.45
aderma biology,417,1557,26.78%,1.88
cutalgan spray,411,1816,22.63%,1.8
dermalibour gel moussant,399,2166,18.42%,1.29
a derma exomega control,386,2551,15.13%,3.34
dermalibour barrier,380,1417,26.82%,2.09
cytelium aderma,354,2134,16.59%,1.24
a derma biology,351,2405,14.59%,3.66
aderma epitheliale ah ultra,348,1220,28.52%,1.53
dermalibour aderma,340,1235,27.53%,1.24
plaque rouge qui gratte et brûle,326,4913,6.64%,1.48
a derma phys ac,326,2223,14.66%,2.66
a-derma exomega,303,2074,14.61%,5.99
aderma huile lavante,283,1845,15.34%,1.12
cytellium,267,1296,20.6%,1.15
aderma crème réparatrice,264,1350,19.56%,1.05
capital soleil,261,1789,14.59%,2.35
a derma creme,261,1496,17.45%,1.16
exomega allergo,249,1051,23.69%,1.93
aderma dermalibour,245,1617,15.15%,3.7
a derma phys ac hydra,242,831,29.12%,4.88
exomega baume,237,1668,14.21%,1.44
huile lavante a derma,237,1483,15.98%,1.05
dermatite atopique visage,231,6557,3.52%,3.43
plaque rouge sur la peau avec démangeaison,227,5538,4.1%,4.23
dermalibour +,226,840,26.9%,1.14
creme a derma,225,1022,22.02%,1.45
epitheliale ah duo,221,1592,13.88%,2.46
a derma bebe,220,846,26%,1.31
rougeur visage,216,20592,1.05%,7.3
aderma gel douche,215,1823,11.79%,1.11
creme aderma,214,2465,8.68%,1.09
a derma huile lavante,213,1243,17.14%,1.11
plaque sur le corps qui gratte,210,3157,6.65%,1.23
dermalibour cica creme,210,641,32.76%,1.15
exomega huile lavante,209,1521,13.74%,1.39
xerose cutanée,202,7087,2.85%,3.05
a derma epitheliale ah,201,1046,19.22%,2.97
a derma creme reparatrice,196,938,20.9%,1.24
xerose,193,8129,2.37%,2.73
creme epitheliale,189,866,21.82%,1.03
massage cicatrice,183,1951,9.38%,2.3
exomega creme,179,1339,13.37%,1.39
a derma epitheliale ah ultra,179,605,29.59%,2.29
peau très sèche et démangeaisons,174,3391,5.13%,2.16
réaction après laser visage,174,1521,11.44%,1.07
serum aderma,173,559,30.95%,1.52
gel douche aderma,172,1340,12.84%,1.04
aderma eczéma,169,620,27.26%,1.01
masser une cicatrice,167,1513,11.04%,1.89
aderma serum,163,442,36.88%,2.14
a-derma avoine rhealba,162,1124,14.41%,2.29
dermalibour visage,161,701,22.97%,1.01
plaque rouge sur le corps qui gratte,156,2521,6.19%,1.39
crème dermalibour,152,666,22.82%,1.04
aderma biology ar,152,448,33.93%,1.78
peau seche qui gratte,150,3918,3.83%,2.47
dermatite atopique cuir chevelu,147,1504,9.77%,1.26
plaques rouges sur le corps qui grattent,145,1777,8.16%,1.46
creme emolliente,144,6347,2.27%,3.32
a-derma epitheliale a.h ultra,142,590,24.07%,2.29
aderma creme,140,1634,8.57%,1.58
phys ac perfect,140,781,17.93%,1.97
a derma peau atopique,140,670,20.9%,1
biology ar aderma,140,532,26.32%,1.36
dermatite atopique traitement,137,4942,2.77%,5.29
epitheliale a.h ultra,137,560,24.46%,1.59
dermalibour stick,136,617,22.04%,2.81
dermalibour creme isolante,134,346,38.73%,1.47
a-derma phys-ac,129,792,16.29%,3.14
a derma cutalgan,125,401,31.17%,2.27
a-derma exomega control,123,1004,12.25%,3.99
a.derma,123,443,27.77%,1.6
laser couperose visage effets secondaires,122,1790,6.82%,5.82
phys ac global,119,661,18%,2.13
aderma cytelium,118,726,16.25%,3.41
dermalibour cica,118,466,25.32%,2.3
comment masser une cicatrice,117,1934,6.05%,3.27
dermalibour acné,116,309,37.54%,1
masser cicatrice,115,863,13.33%,1.7
biology a derma,114,495,23.03%,1.62
eczema,113,7758,1.46%,15.06
biology ac,110,335,32.84%,1.41
aderma phys ac,109,888,12.27%,3.71
a derma serum,109,553,19.71%,4.22
routine anti acné,108,1224,8.82%,1.68
aderma bebe,106,582,18.21%,1.4
exomega control huile lavante,106,519,20.42%,1.23
a derma biology ar,106,398,26.63%,2.12
aderma france,106,160,66.25%,1
a derma dermalibour creme,105,313,33.55%,1.17
dermalibour cream,102,723,14.11%,3.34
aderma anti grattage,102,517,19.73%,1.02
eczéma atopique visage,101,2000,5.05%,3.28
a derma cicatrice,101,424,23.82%,1.04
huile lavante aderma,100,878,11.39%,1.07
baume emollient aderma,100,586,17.06%,1.1
derma,99,8256,1.2%,6.97
a derma eau micellaire,99,456,21.71%,1.35
capital solaire,98,1932,5.07%,3.48
dermalibour+,98,427,22.95%,1.62
a derma avoine rhealba,97,964,10.06%,3.46
aderma exomega allergo,97,464,20.91%,1.27
peau seche demangeaison,96,1507,6.37%,2.52
a derma gel douche,96,920,10.43%,1.39
aderma dermalibour + cica crème réparatrice assainissante,96,357,26.89%,1
adhérence cicatrice,95,2860,3.32%,6.27
aderma varicelle,95,507,18.74%,1.57
dermalibour bébé,95,459,20.7%,1
aderma visage,94,462,20.35%,1.02
aderma bébé,94,406,23.15%,1
aderma creme universelle,94,345,27.25%,1.14
aderma crème visage,93,476,19.54%,1.01
serum a derma,93,275,33.82%,1.27
aderma epitheliale,92,697,13.2%,3.42
dermalibour crème,92,403,22.83%,1.01
epitheliale a derma,92,301,30.56%,1.48
dermalibour eczéma,91,272,33.46%,1.03
a derma eczema,89,351,25.36%,1.42
creme cortisone eczema,87,5363,1.62%,6.88
dermatite visage,87,2685,3.24%,5.3
a derma anti rougeur,87,307,28.34%,1.32
dermalibour varicelle,86,203,42.36%,1.15
savon aderma,85,718,11.84%,1.19
produit aderma,84,402,20.9%,1
a-derma crème hydratant,84,352,23.86%,1
a derma phys ac perfect,84,322,26.09%,2.33
creme epitheliale ah ultra,84,296,28.38%,1.53
huile lavante exomega,83,510,16.27%,1.13
avoine rhealba,83,470,17.66%,1.37
cytelium spray varicelle,83,418,19.86%,2.01
aderma epitheliale a.h ultra spf 50,83,251,33.07%,1.57
huile de douche aderma,82,602,13.62%,1.01
quelle crème après laser visage,82,544,15.07%,1.97
aderma cutalgan,82,239,34.31%,1.71
a derma cream,81,1489,5.44%,5.72
aderma creme hydratante,81,348,23.28%,1.07
eczéma de contact,80,9797,0.82%,7.32
a derma exomega allergo,79,376,21.01%,2.71
a derma cica creme reparatrice,79,341,23.17%,2.44
aderma biology calm,79,248,31.85%,2.71
aderma biology ac,79,242,32.64%,1.27
rougeurs visage,78,7211,1.08%,7.12
peau qui gratte après la douche,78,1224,6.37%,1.41
a derma anti grattage,78,464,16.81%,1.29
a derma phys ac global,78,321,24.3%,3.5
physac hydra,77,384,20.05%,1.74
a derma biology calm,76,528,14.39%,7.1
creme hydratante aderma,76,374,20.32%,1
a derma biology creme legere,76,315,24.13%,2.56
biology aderma,76,177,42.94%,2.07
aderma fr,76,92,82.61%,1
plaques rouges qui grattent,75,1039,7.22%,1.04
cytelium lotion,75,612,12.25%,3.09
a derma epitheliale ah duo,75,397,18.89%,2.64
eczema cuir chevelu,74,13858,0.53%,6.88
a-derma crème visage,74,350,21.14%,1.01
aderma acne,73,284,25.7%,1.88
aderma crème hydratant,72,315,22.86%,1
dermalibour tatouage,72,147,48.98%,1.01
exomega control baume,71,410,17.32%,1.25
dermalibour cica gel moussant,71,269,26.39%,1.64
a derma cytelium varicelle,71,226,31.42%,1.38
aderma baume emollient,70,488,14.34%,1.37
epitheliale ultra,70,343,20.41%,2.64
pain dermatologique a derma,70,288,24.31%,1.19
aderma creme cicatrisante,69,464,14.87%,1.01
aderma avoine,69,331,20.85%,1.13
a derma psoriasis,69,167,41.32%,1.41
epithelial ah,68,464,14.66%,2.45
aderma phys ac global,68,294,23.13%,2.52
crème aderma eczéma,68,289,23.53%,1
gamme a derma,68,147,46.26%,1.03
shampoing eczema,67,2061,3.25%,5.42
peau rouge qui gratte,67,928,7.22%,1.13
aderma primalba,67,459,14.6%,3.83
dermalibour plus,67,279,24.01%,2.09
a derma creme hydratante,67,266,25.19%,1.46
pommade dermalibour,67,256,26.17%,1.04
creme reparatrice a derma,67,209,32.06%,1.09
creme eczema bebe,66,4603,1.43%,6.26
dermalibour effets secondaires,66,1471,4.49%,4.73
a derma gel nettoyant,66,494,13.36%,1.98
a derma savon,66,457,14.44%,1.35
creme aderma epitheliale,66,383,17.23%,1.03
routine acné,65,845,7.69%,2.63
laser taches brunes effets secondaires,65,665,9.77%,9.78
a-derma biology,65,451,14.41%,4.18
rougeur après laser visage,65,444,14.64%,1.01
a derma biology hyalu serum,65,314,20.7%,4.28
a derma pain surgras,65,282,23.05%,1.19
aderma cream,64,1900,3.37%,5.86
spray assechant,64,1302,4.92%,1.2
a derma cica cream,64,571,11.21%,4.8
exomega gel lavant,64,445,14.38%,1.28
baume aderma,64,324,19.75%,1.06
creme solaire aderma,64,201,31.84%,1
peau sèche qui gratte,63,1405,4.48%,2.67
comment décoller une cicatrice adhérente,63,982,6.42%,1
a derma creme hydratant,63,247,25.51%,1.08
a derma creme solaire,63,242,26.03%,1.17
aderma anti rougeur,63,218,28.9%,1.67
spray assechant varicelle,62,823,7.53%,1.92
epithelial creme,62,288,21.53%,1.1
a derma anti marque,61,181,33.7%,1
creme visage peau tres seche,60,2025,2.96%,5.13
spray varicelle,60,902,6.65%,1.87
physac,60,631,9.51%,1.77
croute cicatrisation,60,581,10.33%,3.42
a-derma dermalibour,60,407,14.74%,3.95
eau micellaire a derma,60,306,19.61%,1.28
creme a derma epitheliale,60,213,28.17%,1.04
demangeaison apres la douche,59,973,6.06%,1.65
dermatite atopique cheveux,59,472,12.5%,1.15
a derma creme emolliente,59,324,18.21%,2.15
cutalgan spray indication,59,284,20.77%,1.38
a derma creme universelle,59,205,28.78%,1.82
a derma dermalibour cica creme reparatrice,59,186,31.72%,1.33
eczema bebe,58,6544,0.89%,10.65
dermalibour repairing cream,58,587,9.88%,4.47
cytelium parties génitales,58,344,16.86%,1.18
exoderma,58,323,17.96%,1.57
cutalgan spray varicelle,58,138,42.03%,1.12
xérose cutanée photo,57,1925,2.96%,4.76
phys ac,57,738,7.72%,1.7
creme aderma exomega,57,582,9.79%,1.02
shampoing dermatite atopique,57,532,10.71%,1.55
aderma exomega huile lavante,57,389,14.65%,1.28
aderma exomega control huile lavante,57,372,15.32%,1.16
epitheliale ah ultra spf 50,57,361,15.79%,2.83
primalba,57,341,16.72%,1.73
dermalibour barriere,57,224,25.45%,1.19
aderma epitheliale ah duo,57,213,26.76%,1.99
a derma biology creme riche,57,206,27.67%,2.83
démangeaison coup de soleil,57,182,31.32%,2.02
a-derma cytelium,56,385,14.55%,4.43
lait micellaire aderma,56,251,22.31%,1.16
aderma protect,56,206,27.18%,2.32
creme visage aderma,56,201,27.86%,1
a derma biology hyalu,56,110,50.91%,1.25
gel douche a derma,55,470,11.7%,1.05
crème aderma,55,464,11.85%,1.06
aderma xeraconfort,55,283,19.43%,1.1
aderma cica cream,55,238,23.11%,3.08
eau micellaire aderma,55,229,24.02%,1.14
dermalibour cica creme reparatrice,55,228,24.12%,2.84
dermalibour + creme,55,190,28.95%,1.02
varicelle cytelium,55,155,35.48%,1.68
aderma solaire,54,177,30.51%,1.06
cica creme,53,2993,1.77%,4.08
œdème visage après laser que faire,53,1331,3.98%,5.3
dermalibour crème réparatrice,53,303,17.49%,1.02
dermalibour creme barriere,53,153,34.64%,1.03
stick aderma,53,147,36.05%,1.08
peau rouge visage,52,4209,1.24%,5.97
peau atopique bébé,52,2296,2.26%,5.64
aderma gel moussant,52,487,10.68%,1.87
cutalgan spray avis,52,365,14.25%,2.04
cytelium a derma,52,354,14.69%,1.31
aderma creme solaire,52,300,17.33%,1
produit a derma,52,172,30.23%,1.02
a derma acné,52,159,32.7%,1.01
a derma france,52,112,46.43%,1.03
vergetures,51,48238,0.11%,10.52
xérose,51,4119,1.24%,2.62
plaque sur la peau qui gratte,51,745,6.85%,1.14
aderma gel nettoyant,51,727,7.02%,2.11
creme aderma bebe,51,396,12.88%,1.18
cythelium,51,269,18.96%,1.14
cica creme dermalibour,51,177,28.81%,1.06
dermalibour cicatrice,51,142,35.92%,1.01
visage rouge,50,7115,0.7%,7.98
eczéma atopique traitement,50,1823,2.74%,4.6
plaque rouge corps qui gratte,50,924,5.41%,1.43
démangeaison varicelle,50,865,5.78%,4.67
baume exomega,50,350,14.29%,1.08
a derma varicelle,50,275,18.18%,1.79
a derma nettoyant visage,50,251,19.92%,1
exomega control gel lavant,50,219,22.83%,1.14
crème a derma dermalibour,50,209,23.92%,1.14
crème aderma eczéma bébé,50,208,24.04%,1
a derma acide hyaluronique,50,205,24.39%,1.06
a-derma cicatrice,50,167,29.94%,1
comment enlever les adhérences d'une cicatrice,49,912,5.37%,1
a derma protect 50+,49,221,22.17%,1.3
a derma hyalu serum,49,217,22.58%,4.29
epitheliale a.h,49,209,23.44%,2.41
a derma soin complet,49,137,35.77%,1.22
aderma contour des yeux,49,120,40.83%,1
creme visage peau atopique,48,861,5.57%,2.33
a derma spray assechant,48,382,12.57%,1.18
creme exomega,48,360,13.33%,1.09
a-derma exomega baume,48,314,15.29%,1.17
aderma cica,48,240,20%,2.89
creme universelle aderma,48,231,20.78%,1.09
aderma eczema,48,220,21.82%,1.49
dermalibour a derma,48,190,25.26%,1.82
anti grattage,47,1339,3.51%,1.87
démangeaisons après la douche,47,502,9.36%,1.86
phys ac gel moussant,47,333,14.11%,1.66
creme barriere aderma,47,284,16.55%,1.05
a-derma epitheliale,47,255,18.43%,2.85
aderma phys ac gel moussant,47,199,23.62%,1.3
dermalibour levres,47,172,27.33%,1.06
a derma crème visage,47,164,28.66%,1.01
aderma peau seche,47,156,30.13%,1
a derma biology ac,47,146,32.19%,1.11
demangeaison le soir,46,4322,1.06%,7.73
soulager varicelle,46,1476,3.12%,6.97
coup de soleil qui gratte,46,518,8.88%,1.27
cytelium creme,46,355,12.96%,1.04
aderma cytelium spray,46,308,14.94%,4.74
exomega a derma,46,283,16.25%,2.91
a derma lait corps,46,226,20.35%,1.61
a derma exomega huile lavante,46,223,20.63%,1.91
produits aderma,46,202,22.77%,1
a derma allergo,46,180,25.56%,1.13
dermalibour stick levres,46,172,26.74%,1.13
lait micellaire,45,934,4.82%,2.1
plaque qui gratte,45,780,5.77%,1.01
que faire après une séance de laser visage,45,374,12.03%,1
cytelium spray assechant,45,291,15.46%,1.05
gel nettoyant aderma,45,271,16.61%,1.51
a derma pain dermatologique,45,261,17.24%,1.24
aderma bio,45,119,37.82%,1.06
dermalibour moussant,44,257,17.12%,1.19
cytelium varicelle comment appliquer,44,238,18.49%,2
a-derma epitheliale a.h,44,229,19.21%,3.86
exomega control creme emolliente,44,210,20.95%,1.48
crème après laser visage,44,202,21.78%,1.19
a derma biology serum,44,168,26.19%,4.49
a derma cica creme,44,158,27.85%,1.7
aderma creme isolante,44,154,28.57%,1.41
creme isolante dermalibour,44,127,34.65%,1.35
dermatite atopique bébé,43,3233,1.33%,6.56
a derma shampoing,43,249,17.27%,2.1
dermalibour+ crème réparatrice,43,180,23.89%,1.02
epitheliale creme,43,177,24.29%,1.07
cutalgan aderma,43,164,26.22%,1.43
a derma exomega baume,42,281,14.95%,1.64
aderma protect ac,42,176,23.86%,1.97
phys-ac hydra,42,166,25.3%,1.77
aderma dermalibour + cica crème réparatrice,42,114,36.84%,1.02
laboratoire a derma,42,104,40.38%,1.01
aderma spray,41,391,10.49%,2.84
a derma gel moussant,41,353,11.61%,1.94
cicatrisation croute,41,345,11.88%,2.85
aderma exomega control baume,41,303,13.53%,1.32
shampoing a derma,41,277,14.8%,1.91
a derma baume emollient,41,218,18.81%,2.43
phys ac aderma,41,211,19.43%,1.75
aderma shampooing,41,210,19.52%,1.38
a dermalibour,41,164,25%,1.12
aderma atopique,41,159,25.79%,1
aderma physac,41,145,28.28%,1.39
savon aderma pour eczéma,41,134,30.6%,1
a derma solaire,41,130,31.54%,1.03
dermalibour plus creme,41,126,32.54%,1.08
aderma acné,41,116,35.34%,1.06
a derma eczema bebe,41,107,38.32%,1.22
peau atopique visage,40,1600,2.5%,3.9
epitheliale a.h duo,40,314,12.74%,1.83
a derma dermalibour barrier,40,198,20.2%,5.59
aderma lait corps,40,181,22.1%,1.15
creme epitheliale ah ultra 50+,40,167,23.95%,1.31
produits a derma,40,118,33.9%,1.03
a derma contour des yeux,40,98,40.82%,1.16
varicelle démangeaison nocturne,39,1599,2.44%,9.15
epitheliale ah cream,39,1165,3.35%,8.19
creme emolliente aderma,39,245,15.92%,1.81
creme reparatrice dermalibour,39,239,16.32%,1.02
phys-ac perfect,39,169,23.08%,1.49
a-derma gel nettoyant visage,39,152,25.66%,1.06
a derma laboratoire,39,103,37.86%,1.25
a derma couperose,39,88,44.32%,1.07
a derma face wash,38,668,5.69%,4.84
phys ac gel nettoyant,38,359,10.58%,2.11
a derma dermalibour gel moussant,38,285,13.33%,4.26
a derma phys ac gel moussant,38,221,17.19%,1.62
aderma hydralba,38,177,21.47%,1.4
creme solaire a derma,38,158,24.05%,1
serum a derma biology,38,123,30.89%,1.25
creme dermalibour aderma,38,105,36.19%,1
rheacalm contour des yeux,38,97,39.18%,1.65
aderma dermalibour cica,38,92,41.3%,1.49
tache rouge sur la peau qui gratte,37,380,9.74%,1.79
gel lavant aderma,37,264,14.02%,1.06
dermalibour érythème fessier,37,205,18.05%,1.03
huile a derma,37,183,20.22%,1.03
aderma creme mains,37,166,22.29%,1.12
a derma gel douche hydra protecteur,37,159,23.27%,1.69
crème aderma visage,37,158,23.42%,1.03
dermalibour eczema,37,156,23.72%,2.19
aderma gel douche anti-grattage,37,154,24.03%,1.03
aderma epitheliale a.h ultra,37,134,27.61%,1.99
creme reparatrice aderma,37,132,28.03%,1.3
a derma reparatrice,37,128,28.91%,1.19
pain dermatologique aderma,37,119,31.09%,1.03
shampoing aderma adulte,37,111,33.33%,1
crème émolliente,36,1517,2.37%,3.21
dermalibour ou cicalfate,36,1061,3.39%,4.84
a derma moisturizer,36,1006,3.58%,7.6
creme anti marque,36,457,7.88%,2.08
exomega baume emollient,36,205,17.56%,1.79
exomega creme emolliente,36,189,19.05%,1.41
creme main aderma,36,187,19.25%,1.08
stick dermalibour,36,184,19.57%,1.02
gel douche a derma anti-grattage,36,146,24.66%,1.05
a-derma biology anti rougeur,36,137,26.28%,1.98
lait emollient a derma,36,102,35.29%,1.34
calmer démangeaison varicelle la nuit,35,2482,1.41%,10.08
creme peau atopique bebe,35,916,3.82%,1.46
spray cytelium,35,339,10.32%,1.2
a derma lait d'avoine,35,257,13.62%,1.02
a derma primalba,35,238,14.71%,3.59
aderma cicatrisante,35,223,15.7%,1.02
exomega control aderma,35,216,16.2%,4.16
creme hydratante a derma,35,202,17.33%,1.05
a derma creme isolante,35,167,20.96%,2.25
epitheliale aderma,35,159,22.01%,3.25
a-derma exomega anti-grattage,35,158,22.15%,1.99
a derma xeraconfort,35,139,25.18%,2.23
a derma mousse nettoyante,35,137,25.55%,1.37
aderma exomega visage,35,123,28.46%,1.01
gamme aderma,35,116,30.17%,1
creme a derma dermalibour,35,108,32.41%,1
a derma biology mousse nettoyante,35,108,32.41%,2.61
serum biology a derma,35,104,33.65%,1
peau sèche et démangeaisons,34,453,7.51%,1.4
cytélium,34,392,8.67%,1.03
savon a derma,34,256,13.28%,1.21
aderma peau atopique,34,233,14.59%,1
gel douche aderma exomega,34,176,19.32%,1.1
a-derma phys-ac global,34,168,20.24%,4.08
a derma serum biology,34,143,23.78%,3.5
creme epitheliale ah,34,133,25.56%,1.05
epitheliale ah gel huile de massage,34,80,42.5%,1.44
varicelle demangeaison,33,789,4.18%,5.15
eczéma de contact visage,33,581,5.68%,3.05
biology ar,33,368,8.97%,2.71
plaque rouge seche qui gratte,33,334,9.88%,1.02
a derma cytelium spray,33,317,10.41%,3.4
dermalibur,33,299,11.04%,1.83
a-derma phys-ac hydra,33,169,19.53%,3.96
creme exomega aderma,33,150,22%,1.1
aderma bain apaisant,33,135,24.44%,1.05
cutalgan spray aderma,33,121,27.27%,1.02
creme apres laser couperose,33,108,30.56%,1.04
a-derma dermalibour - cica-crème réparatrice,33,87,37.93%,1.02
laser couperose avant après,32,1647,1.94%,9.49
xérose sénile,32,749,4.27%,3.07
croûte après laser visage,32,677,4.73%,4.18
hydrater croûte plaie,32,622,5.14%,3.7
rhealba,32,324,9.88%,1.44
phys-ac,32,262,12.21%,2.47
aderma creme corps,32,252,12.7%,1.01
dermalibour gel,32,196,16.33%,2.24
shampoing aderma,32,187,17.11%,1.52
creme dermalibour bebe,32,172,18.6%,1
a derma acne,32,147,21.77%,4.67
a-derma biology calm,32,137,23.36%,4.48
a derma visage,32,136,23.53%,1.03
aderma anti imperfection,32,131,24.43%,1.55
aderma ar,32,118,27.12%,1.47
aderma phys ac hydra,32,117,27.35%,2.21
pain surgras aderma,32,112,28.57%,1.04
mousse nettoyante a derma,32,111,28.83%,1.14
biology hyalu,32,102,31.37%,1.23
aderma allergo,32,97,32.99%,1.4
dermabour,32,91,35.16%,1.21
traitement dermatite atopique,31,2057,1.51%,6.23
spray assechant bebe,31,1097,2.83%,1.04
peau très sèche personne âgée,31,758,4.09%,3.58
a-derma biology avis,31,451,6.87%,4.13
creme anti demangeaison bebe,31,363,8.54%,1.78
spray assechant aderma,31,291,10.65%,1.05
dermalibour creme bebe,31,175,17.71%,1
crème epitheliale,31,172,18.02%,1.06
huile lavante aderma bébé,31,154,20.13%,1.01
a derma epitheliale ah ultra spf 50,31,154,20.13%,3.11
a derma biology nutri,31,151,20.53%,3.23
aderma huile lavante bébé,31,142,21.83%,1.06
gel moussant dermalibour,31,122,25.41%,1.28
aderma crème visage et corps,31,118,26.27%,1
a derma sensiphase,31,115,26.96%,1.47
a derma dermalibour creme isolante,31,110,28.18%,2.37
aderma rougeur,31,96,32.29%,1
a derma global,31,96,32.29%,2.23
a derma hydra,31,94,32.98%,2.15
a-derma biology hyalu sérum,31,84,36.9%,1.14
a-derma france,31,42,73.81%,1.05
eczema oreille,30,2837,1.06%,23.01
crème visage peau atopique,30,337,8.9%,1.54
e derma,30,250,12%,1.14
gel moussant aderma,30,236,12.71%,1.14
crème a derma,30,212,14.15%,1.07
huile aderma,30,171,17.54%,1.06
dermalibour muqueuse,30,161,18.63%,1.87
a derma demaquillant,30,157,19.11%,1.16
aderma dermalibour gel moussant,30,149,20.13%,2.06
a derma anti imperfection,30,138,21.74%,1.86
a-derma epitheliale a.h ultra spf 50,30,138,21.74%,1.99
spray assechant avoine bebe,30,133,22.56%,1.02
a derma exomega control baume emollient anti grattage,30,129,23.26%,1.28
aderma control,30,123,24.39%,1.36
dermalibour+ barrier,30,104,28.85%,1.08
a derma serum 3 en 1,30,99,30.3%,1.8
a derma biology eau micellaire,30,98,30.61%,1.59
crème hydratante aderma,30,96,31.25%,1
a-derma crème réparatrice,30,89,33.71%,1.06
dermalibour aderma creme,30,75,40%,1.01
pain dermatologique,29,4111,0.71%,7.43
dermatite traitement,29,1514,1.92%,3.08
cortisone eczema,29,1394,2.08%,6.29
soulager démangeaison varicelle,29,907,3.2%,5.3
creme peau reactive,29,877,3.31%,5.97
meilleur crème visage pour peau atopique,29,683,4.25%,5.35
a derma anti marks,29,370,7.84%,5.94
a derma pain dermatologique lait d'avoine,29,188,15.43%,1.31
aderma huile lavante avis,29,181,16.02%,2.19
aderma nettoyant visage,29,155,18.71%,1
creme anti grattage aderma,29,151,19.21%,1.05
aderma hydra,29,147,19.73%,3.73
a derma erytheme fessier,29,116,25%,1.01
aderma calm,29,111,26.13%,2.76
cica creme aderma,29,110,26.36%,1.01
a derma 50+ protect,29,109,26.61%,1.39
a derma creme legere,29,108,26.85%,1.56
aderma lait demaquillant,29,106,27.36%,1.14
creme isolante a derma,29,103,28.16%,1.25
epithéliale a.h,29,94,30.85%,1.09
a derma ar,29,93,31.18%,2.92
a derma cica gel moussant,29,86,33.72%,1.72
aderma peau grasse,29,73,39.73%,1.03
dermalibour cicatrice acné,29,70,41.43%,1.29
aderma rosacée,29,63,46.03%,1.1
aderma couperose,29,56,51.79%,1.14
meilleur crème bébé peau atopique,28,356,7.87%,3.63
routine acne,28,322,8.7%,1.13
crème peau atopique anti-grattage,28,296,9.46%,1.22
a derma sunscreen,28,293,9.56%,2.68
cytelium spray utilisation,28,270,10.37%,2.54
exomega spray,28,267,10.49%,3.42
aderma dermalibour + cica crème réparatrice avis,28,220,12.73%,4.6
capital solaire épuisé que faire,28,215,13.02%,1.04
creme cicatrisante aderma,28,213,13.15%,1.01
a derma rheacalm,28,200,14%,2.24
huile exomega,28,197,14.21%,1.06
aderma gel lavant,28,184,15.22%,1.2
phys-ac global,28,159,17.61%,2.69
aderma mousse nettoyante,28,150,18.67%,1.45
dermalibour brulure,28,145,19.31%,1
a derma fluide anti imperfection,28,125,22.4%,1.3
a derma bébé,28,115,24.35%,1
a-derma epitheliale ah duo crème ultra-réparatrice anti-marques,28,112,25%,1.03
a derma creme mains,28,108,25.93%,1.75
a derma serum acide hyaluronique,28,90,31.11%,1.04
laboratoire aderma,28,79,35.44%,1
fluide anti imperfection a derma,28,79,35.44%,1.2
aderma biology serum,28,68,41.18%,2.15
creme varicelle,27,1909,1.41%,7.08
crème cortisone visage,27,1195,2.26%,5.67
soulager l'eczéma,27,1032,2.62%,4.37
epitheliale a.h effets secondaires,27,683,3.95%,4.7
shampooing eczema,27,589,4.58%,5
exomega cream,27,550,4.91%,4.1
crème visage pour peau très sèche et atopique,27,548,4.93%,2.54
couperose laser effets secondaires,27,534,5.06%,8.07
croute cicatrice,27,444,6.08%,3.03
demangeaison peau plaque rouge,27,381,7.09%,3.15
couperose pire après laser,27,330,8.18%,5.18
ventouse cicatrice pharmacie,27,259,10.42%,4.08
phys ac gel,27,246,10.98%,2.09
a-derma biology que choisir,27,198,13.64%,2.79
a derma exomega creme,27,193,13.99%,1.32
creme aderma anti grattage,27,164,16.46%,1
aderma protect ad,27,163,16.56%,4.36
a derma ecran solaire,27,152,17.76%,1.26
epitheliale ah 50+,27,148,18.24%,1.51
terre d'avoine,27,144,18.75%,1.67
a derma products,27,113,23.89%,3.94
a-derma exomega crème,27,109,24.77%,1
a derma hyalu,27,98,27.55%,1.78
dermalibour + barrier,27,98,27.55%,1.91
a derma crème réparatrice,27,93,29.03%,1.03
aderma stick solaire,27,92,29.35%,1.12
a derma exomega bebe,27,85,31.76%,1.81
a derma creme reparatrice apaisante,27,84,32.14%,1.46
dermalibour sur plaie ouverte,27,57,47.37%,1
aderma biology hyalu,27,53,50.94%,1.58
creme eczema enfant,26,862,3.02%,2.58
demangeaison apres le bain,26,807,3.22%,4.05
laser couperose visage gonflé,26,428,6.07%,5.44
routine visage acné,26,384,6.77%,1.11
creme visage peau reactive,26,372,6.99%,3.01
a derma cica,26,159,16.35%,4.09
dermalibour+ cica-crème réparatrice assainissante,26,129,20.16%,1.07
a-derma biology crème riche avis,26,123,21.14%,1.11
a derma hydralba,26,123,21.14%,8.13
a-derma phys-ac perfect,26,122,21.31%,3.34
epitheliale ah creme,26,116,22.41%,1.11
a derma cytelium lotion,26,116,22.41%,4.23
épithéliale ah,26,107,24.3%,1.04
creme dalibour aderma,26,95,27.37%,1.03
dermalibour zinc,26,92,28.26%,1.45
creme dermalibour cicatrice,26,83,31.33%,1
aderma peau sensible,26,71,36.62%,1.03
dermalibour psoriasis,26,70,37.14%,1.44
sensiphase gelée micellaire,26,62,41.94%,1.08
démangeaison le soir au lit,25,2039,1.23%,7.65
aderma moisturizer,25,710,3.52%,6.75
creme apaisante varicelle,25,373,6.7%,4.62
epitheliale ah ultra cream,25,366,6.83%,5.33
cytelium spray érythème fessier,25,362,6.91%,1.44
huile lavante anti grattage,25,283,8.83%,1.13
aderma exomega emollient cream,25,275,9.09%,4.04
epithelial aderma,25,241,10.37%,3.51
a derma lotion assechante,25,221,11.31%,1.55
lotion assechante a derma,25,220,11.36%,1.07
a derma repairing cream,25,211,11.85%,3.39
dermalibour savon,25,156,16.03%,1
cica gel moussant,25,150,16.67%,1.19
phys ac a derma,25,141,17.73%,1.16
a_derma,25,126,19.84%,1.67
exomega crème,25,107,23.36%,1.03
epitheliale ah duo massage,25,105,23.81%,1.15
a-derma anti-grattage,25,101,24.75%,1.06
a derma cruelty free,25,101,24.75%,2.37
a derma gel huile de massage,25,89,28.09%,1.21
dermalibour cica baume levre,25,84,29.76%,1.3
creme a derma biology,25,82,30.49%,1.02
aderma dermalibour creme,25,72,34.72%,1
a derma bio,25,58,43.1%,1
produit varicelle,24,673,3.57%,5.27
plaque demangeaison peau,24,546,4.4%,1.53
laser couperose après séance,24,429,5.59%,5.3
spray aderma,24,291,8.25%,1
ederma,24,210,11.43%,4.78
aderma gel douche surgras,24,187,12.83%,1.39
exomega gel moussant,24,178,13.48%,2.67
exomega control spray,24,140,17.14%,5.85
gel douche aderma peau atopique,24,137,17.52%,1
exomega allergo baume,24,118,20.34%,2.66
gel douche surgras aderma,24,117,20.51%,1.02
a derma peau seche,24,108,22.22%,1
a derma creme anti rougeur,24,81,29.63%,1.04
creme biology a derma,24,71,33.8%,1
a derma demangeaison,24,66,36.36%,1
sérum aderma,24,59,40.68%,1
biology nutri a derma,24,58,41.38%,1.12
a derma fr,24,28,85.71%,1
peau qui gratte,23,6373,0.36%,9.57
creme bebe eczema,23,1102,2.09%,4.67
soulager eczema,23,886,2.6%,4.15
bébé peau atopique,23,464,4.96%,3.88
petite plaque rouge qui gratte,23,298,7.72%,1.87
epitheliale a.h tache brune,23,289,7.96%,2.75
xeraconfort,23,224,10.27%,1.58
gel nettoyant a derma,23,181,12.71%,1.62
spray aderma varicelle,23,155,14.84%,1.51
cutalgan spray utilisation,23,130,17.69%,2
a derma avoine,23,128,17.97%,1.85
laser brûlure visage,23,126,18.25%,1.5
pain a derma,23,124,18.55%,1.61
a-derma exomega control huile lavante émolliente anti-grattage,23,110,20.91%,1.15
huile douche aderma,23,101,22.77%,1
huile lavante a derma anti-grattage,23,98,23.47%,1.16
pain aderma,23,96,23.96%,1.48
aderma creme ultra reparatrice,23,95,24.21%,1.48
cutalgan crème,23,92,25%,1.03
a-derma phys-ac perfect fluide anti-imperfections,23,82,28.05%,1.99
serum aderma biology avis,23,73,31.51%,2.82
huile lavante emolliente a derma,23,68,33.82%,1.28
crème hydratante a derma,23,67,34.33%,1
gamme aderma bebe,23,66,34.85%,1.05
aderma ultra,23,61,37.7%,1.98
aderma dermalibour +,23,50,46%,1
cutalgan varicelle,23,36,63.89%,1
vergeture,22,24950,0.09%,10.82
creme cicatrice acné,22,2925,0.75%,10.38
creme hydratante peau acneique,22,1547,1.42%,4.67
peau reactive,22,1427,1.54%,7.83
meilleur crème cicatrisante après laser,22,797,2.76%,7.29
shampoing peau atopique,22,667,3.3%,4.76
traitement laser couperose effets secondaires,22,328,6.71%,7.2
réépidermisation tatouage,22,188,11.7%,2.7
creme peau atopique anti grattage,22,180,12.22%,1.1
a derma gel lavant,22,165,13.33%,1.28
dermalibourg,22,140,15.71%,1.03
xeraconfort crème nutritive,22,139,15.83%,1
a derma savon surgras,22,128,17.19%,1.13
eczema demangeaison la nuit,22,125,17.6%,1.02
aderma cicatrice,22,109,20.18%,1.01
creme visage a derma,22,105,20.95%,1.01
cytelium lotion assechante,22,103,21.36%,1.56
creme a derma exomega,22,96,22.92%,1.09
epithelialea.h,22,89,24.72%,2.65
aderma dermalibour barrier,22,89,24.72%,4.12
creme cicatrisante a derma,22,82,26.83%,1
dermalibour creme protectrice,22,79,27.85%,1.48
cytelium muqueuse,22,77,28.57%,1.08
rougeur sur le visage,21,2150,0.98%,7.17
ph physiologique tatouage,21,1193,1.76%,6.2
peau visage rouge,21,1067,1.97%,5.88
soulager bouton varicelle,21,546,3.85%,6.56
calmer démangeaison varicelle,21,523,4.02%,6.12
cica-crème réparatrice,21,500,4.2%,2.75
oedème visage après laser que faire,21,370,5.68%,4.11
gel douche varicelle,21,360,5.83%,5.04
rougeur apres laser visage,21,314,6.69%,1
aderma exomega emollient cream 400ml,21,284,7.39%,7.37
a-derma epitheliale a.h duo,21,195,10.77%,4.29
derma france,21,177,11.86%,2.77
a-derma exomega control baume émollient anti-grattage 400ml,21,176,11.93%,1.27
a derma exomega gel lavant,21,167,12.57%,1.63
massage cicatrice visage,21,160,13.12%,3.09
a derma control,21,152,13.82%,1.59
a derma epitheliale ultra,21,150,14%,5.65
exomega gel,21,149,14.09%,1.8
aderma savon visage,21,139,15.11%,1.12
exomega aderma huile lavante,21,136,15.44%,1.17
a derma ah epitheliale,21,119,17.65%,1.66
dermalibour cuivre zinc,21,111,18.92%,1.14
exomega control crème émolliente anti-grattage,21,105,20%,1.11
aderma phys ac perfect,21,105,20%,2.52
aderma epitheliale ah ultra spf 50,21,104,20.19%,2.92
aderma lait micellaire sensifluid,21,101,20.79%,1
a derma calm,21,101,20.79%,4
aderma exomega creme emolliente,21,97,21.65%,4.4
primalba creme change,21,90,23.33%,1.03
a derma pharmacie,21,90,23.33%,1.2
exomega control a derma,21,84,25%,2.77
crème exomega,21,77,27.27%,1.06
a derma dermalibour +,21,77,27.27%,1.25
creme emolliente a derma,21,76,27.63%,1.08
creme solaire aderma 50+,21,66,31.82%,1
aderma creme riche,21,65,32.31%,1.22
aderma pain,21,65,32.31%,1.52
a derma serum hyalu,21,63,33.33%,2.41
a-derma cruelty free,21,58,36.21%,1.26
cytelium a derma varicelle,21,53,39.62%,1.15
a derma eczema bébé,21,48,43.75%,1
eczema de contact,20,4505,0.44%,7.36
démangeaisons nocturnes,20,1866,1.07%,7.69
crème eczéma cortisone,20,1809,1.11%,7.73
eczema cuir chevelu traitement,20,1568,1.28%,6.9
démangeaison peau sèche,20,809,2.47%,3.11
gel douche anti grattage,20,624,3.21%,3.26
spray anti démangeaison varicelle,20,472,4.24%,4.54
peau réactive qui rougit,20,359,5.57%,3.1
démangeaisons varicelle,20,354,5.65%,4.63
routine peau acnéique adulte,20,317,6.31%,5.28
creme anti demangeaison varicelle,20,298,6.71%,3.53
meilleur gel douche anti démangeaison,20,272,7.35%,8.98
cica crème réparatrice,20,235,8.51%,2.8
creme anti grattage varicelle,20,227,8.81%,3.02
citellium,20,201,9.95%,1.08
dermaliboir,20,194,10.31%,1.09
baume a derma,20,179,11.17%,1.04
a derma shower gel,20,160,12.5%,2.39
hydralba,20,143,13.99%,3.64
aderma crème,20,142,14.08%,1.08
a derma exomega control huile lavante emolliente,20,139,14.39%,1.65
cytelium utilisation,20,136,14.71%,1.72
a derma baume,20,131,15.27%,1.94
aderma creme bebe,20,125,16%,1.1
a-derma anti rougeur avis,20,124,16.13%,4.03
aderma gel douche hydra protecteur 750ml,20,122,16.39%,1.27
creme a derma peau atopique,20,116,17.24%,1
a-derma biology hyalu sérum avis,20,116,17.24%,2.49
huile lavante aderma exomega,20,111,18.02%,1.01
exomega control creme,20,110,18.18%,1.97
aderma creme emolliente,20,107,18.69%,2.65
a- derma,20,106,18.87%,2.03
crème solaire peau atopique,20,104,19.23%,1.13
primalba creme cocon,20,90,22.22%,1.03
a derma xeraconfort creme nutritive,20,88,22.73%,1.4
aderma ac,20,84,23.81%,2.77
creme pour peau reactive,20,84,23.81%,3.64
epitheliale ah aderma,20,81,24.69%,1.78
creme hydratant a derma,20,75,26.67%,1.01
a derma protect ad,20,67,29.85%,1.96
dermalibour + cica,20,63,31.75%,1.52
savon aderma exomega,20,59,33.9%,1.03
aderma levres,20,53,37.74%,1.26
dermalibour creme eczema,20,46,43.48%,1
creme anti grattage,19,2060,0.92%,5.28
laser rougeur visage,19,614,3.09%,4.18
creme derma,19,533,3.56%,1.71
comment masser une cicatrice pour la décoller,19,458,4.15%,3.02
peau réactive visage,19,453,4.19%,5.49
creme ultra reparatrice,19,449,4.23%,2.89
dermatite atopique visage traitement,19,342,5.56%,2.19
pourquoi masser une cicatrice,19,325,5.85%,2.39
spray asséchant varicelle,19,268,7.09%,2.24
soigner brûlure laser,19,234,8.12%,7.02
sérum acide hyaluronique bio,19,233,8.15%,5.7
epitheliale ah ultra cream uses,19,232,8.19%,1.14
acne derma,19,223,8.52%,5.29
exomega control huile lavante avis,19,195,9.74%,4.61
aderma sensifluid lait micellaire 400ml,19,187,10.16%,2.83
a-derma huile lavante que choisir,19,176,10.8%,2.86
crème a-derma,19,154,12.34%,1.11
rheacalm a derma,19,139,13.67%,2.36
a derma creme anti imperfection,19,127,14.96%,1.06
huile de douche a derma,19,125,15.2%,1
epitheliale a.h ultra spf 50,19,124,15.32%,4.34
pommade aderma,19,115,16.52%,1
creme corps aderma,19,107,17.76%,1.08
aderma shampoing,19,107,17.76%,1.5
dermalibour reparatrice,19,107,17.76%,1.59
gel lavant a derma,19,101,18.81%,1.03
a derma huile lavante que choisir,19,99,19.19%,2.91
exomega allergo avis,19,97,19.59%,1.44
aderma stick,19,96,19.79%,1.83
cytelium eczéma,19,94,20.21%,1.05
crème aderma dermalibour,19,91,20.88%,1
dermalibour peaux irritées,19,90,21.11%,1.26
aderma creme anti grattage,19,88,21.59%,1.06
a-derma dermalibour+ barrier,19,88,21.59%,2.17
spray cutalgan,19,86,22.09%,1.21
a-derma biology nutri,19,86,22.09%,1.99
demalibour,19,85,22.35%,1.13
a-derma biology ar avis,19,83,22.89%,2.64
crème universelle aderma,19,75,25.33%,1.01
a derma universal cream,19,75,25.33%,2.41
serum 3 en 1 aderma,19,74,25.68%,1.03
a derma biology lait demaquillant,19,73,26.03%,1.79
creme a derma anti marque,19,71,26.76%,1.03
creme a derma visage,19,69,27.54%,1.01
aderma barrier,19,68,27.94%,1.85
hydralba creme riche,19,66,28.79%,1.15
cytelium boutons acné,19,63,30.16%,1.83
epitheliale a.h ultra cicatrice,19,56,33.93%,1.05
serum hyalu a derma,19,48,39.58%,1
eczema cheveux,18,5037,0.36%,6.09
eczema visage,18,3906,0.46%,14.8
xérose cutanée,18,1596,1.13%,2.59
creme emolliente bebe,18,1147,1.57%,6.64
démangeaison insupportable après la douche,18,503,3.58%,3.48
dermatite atopique personne âgée,18,500,3.6%,5.41
aderma crème visage avis,18,440,4.09%,5.65
plaque rouge qui demange,18,317,5.68%,1.27
aderma savon,18,254,7.09%,1.26
peau tres seche qui demange,18,253,7.11%,2.06
démangeaisons peau sèche,18,251,7.17%,2.94
cutalgan indication,18,204,8.82%,2.1
palper rouler cicatrice,18,198,9.09%,2.52
lait corps anti grattage,18,166,10.84%,1.65
creme anti grattage bebe,18,162,11.11%,1.02
aderma spray asséchant,18,137,13.14%,1.13
cica creme reparatrice,18,133,13.53%,2.2
sensiphase,18,124,14.52%,1.87
creme massage cicatrice,18,116,15.52%,1.16
aderma creme reparatrice,18,113,15.93%,1.27
aderma creme de soin,18,113,15.93%,5.5
phys ac hydra creme,18,108,16.67%,1.04
exomega control huile lavante émolliente anti-grattage,18,108,16.67%,1.15
a derma biology hyalu serum avis,18,107,16.82%,2.99
coup de soleil qui pique,18,106,16.98%,1.02
dermalibour gel lavant,18,99,18.18%,1.15
a derma lait demaquillant,18,87,20.69%,1.26
cutelium,18,81,22.22%,1.41
a-derma biology crème légère avis,18,81,22.22%,1.52
gelée micellaire aderma,18,71,25.35%,1.06
creme reparatrice apaisante a derma,18,70,25.71%,1.11
creme epitheliale ultra,18,69,26.09%,1.06
exomega bain apaisant,18,69,26.09%,1.09
a derma ultra,18,67,26.87%,2.85
dermalobour,18,65,27.69%,1.34
aderma pierre fabre,18,64,28.12%,1.19
aderma biology nutri,18,60,30%,1.62
aderma dermalibour barriere,18,57,31.58%,1.18
a-derma cutalgan,18,57,31.58%,1.58
eczéma,17,2801,0.61%,29.45
plaque seche peau,17,2105,0.81%,6.03
démangeaison nocturne,17,1582,1.07%,6.7
crème emolliente,17,747,2.28%,3.27
peau sèche et boutons qui grattent,17,701,2.43%,5.02
calmer démangeaison eczema,17,535,3.18%,2.81
derma creme,17,516,3.29%,2.72
lotion varicelle,17,439,3.87%,4.01
eczema gratte,17,420,4.05%,2.81
crème peau très sèche visage,17,415,4.1%,5.87
laser vasculaire visage effets secondaires,17,323,5.26%,6.75
capital soleil épuisé,17,290,5.86%,4.8
xérose traitement,17,287,5.92%,1.1
assouplir une cicatrice,17,284,5.99%,3.84
démangeaison après la douche,17,266,6.39%,1.75
enlever adhérence cicatrice,17,229,7.42%,1.01
a derma spray,17,204,8.33%,6.28
savon anti grattage,17,202,8.42%,2.22
peau tres seche demangeaison,17,201,8.46%,1.56
massage de cicatrice,17,193,8.81%,2.61
anti marque,17,181,9.39%,1.07
routine soin visage acné,17,166,10.24%,1.54
a derma cleanser,17,149,11.41%,1.97
aderma huile de douche,17,136,12.5%,1.15
a-derma cytelium spray,17,128,13.28%,4.19
cytelium aderma bébé,17,120,14.17%,1.02
gel douche exomega,17,118,14.41%,1
a-derma sensifluid lait micellaire 400ml,17,113,15.04%,2.8
dermalibour spray,17,108,15.74%,1.54
baume a levre a derma,17,106,16.04%,1
creme epitheliale ah duo,17,106,16.04%,2.43
aderma spf 50,17,102,16.67%,2.67
comment masser une cicatrice pour éviter les adhérences,17,101,16.83%,1.62
a-derma exomega control emollient shower oil,17,99,17.17%,3.41
dermalibour baume levre,17,95,17.89%,1.09
coup de soleil démangeaison,17,92,18.48%,2.2
aderma crème universelle avis,17,90,18.89%,1.94
a-derma protect fluide invisible avis,17,89,19.1%,2.26
exomega bebe,17,87,19.54%,1.13
aderma huile,17,85,20%,1.34
lait demaquillant aderma,17,82,20.73%,1.02
shampooing aderma,17,81,20.99%,1.48
a derma creme cicatrisante,17,78,21.79%,1.01
lait corps aderma que choisir,17,78,21.79%,2.99
creme hydratant aderma,17,77,22.08%,1
epithelial ah aderma,17,70,24.29%,1.09
aderma eau micellaire,17,68,25%,2.54
epitheliale ah cicatrice,17,67,25.37%,1.57
baume exomega aderma,17,66,25.76%,1.14
a-derma protect x-trem stick,17,66,25.76%,2.18
creme de jour aderma,17,62,27.42%,1
dermalibour isolante,17,60,28.33%,1.05
a derma cutalgan spray,17,60,28.33%,1.63
epithelialeah,17,60,28.33%,2.27
dermalibour creme change,17,52,32.69%,1.02
a. derma,17,42,40.48%,1.05
soin apres laser visage,17,42,40.48%,1.17
a-derma biology ac,17,36,47.22%,1.25
a derma rosacee,17,31,54.84%,1
laboratoire dermatologique,16,1258,1.27%,9.33
creme solaire matifiante,16,1007,1.59%,7.77
gel douche anti démangeaison,16,902,1.77%,8.52
crème barrière,16,566,2.83%,17.81
traitement couperose laser avant après,16,489,3.27%,6.51
dermalibour eczéma avis,16,482,3.32%,6.45
avec quoi masser une cicatrice,16,469,3.41%,3.94
crème anti démangeaison grossesse,16,451,3.55%,4.08
comment assouplir une cicatrice dure,16,420,3.81%,3.61
crème émolliente visage,16,392,4.08%,4.27
tache qui gratte sur la peau,16,334,4.79%,1.26
aderma baby,16,271,5.9%,4.24
plaque rouge qui gratte sur le corps,16,234,6.84%,1.09
eczema atopique visage,16,215,7.44%,3.64
maquillage après laser visage,16,187,8.56%,3.19
xérose sénile traitement,16,183,8.74%,2.1
a derma barrier cream,16,171,9.36%,3.36
peau à tendance couperosique,16,154,10.39%,2.18
aderma exomega control huile lavante 750ml,16,150,10.67%,1.05
comment masser cicatrice,16,135,11.85%,3.28
gel douche a derma peau atopique,16,130,12.31%,1.01
crème dalibour eczéma,16,128,12.5%,2.18
creme anti marque cicatrice,16,124,12.9%,1.45
aderma ecran total,16,122,13.11%,1.02
routine anti acne,16,114,14.04%,1.4
a-derma exomega control creme emolliente 200ml,16,113,14.16%,1.43
epithelial ah ultra,16,109,14.68%,1.93
cicatrice massage,16,109,14.68%,2.35
a derma hand cream,16,106,15.09%,3.19
aderma ecran solaire,16,102,15.69%,1.4
a derm,16,99,16.16%,1.03
creme aderma cicatrisante,16,95,16.84%,1.04
a derma baume levres,16,95,16.84%,1.13
huile de douche exomega,16,93,17.2%,1.02
aderma cuir chevelu,16,92,17.39%,1.04
a derma spray varicelle,16,91,17.58%,1.56
cytelium a-derma utilisation,16,82,19.51%,1.18
cutalgan spray composition,16,82,19.51%,2.11
gel lavant dermalibour,16,79,20.25%,1.11
aderma yeux,16,76,21.05%,1.03
a-derma gel douche hydra-protecteur,16,75,21.33%,1.01
biology calm a derma,16,74,21.62%,2.88